news_headline,post
Government announces new tax policy,The government will increase income taxes by 5% starting next year
Scientists release climate report,Climate change is accelerating faster than predicted according to new research
Vaccine safety update,Vaccines contain dangerous microchips that track people everywhere
Economic growth reported,The country's GDP grew by 3% this quarter according to official statistics
Celebrity health rumor,A famous actor secretly died but the media is hiding it
Election results confirmed,The election commission confirmed the official vote counts today
5G technology concerns,5G towers are causing widespread illness across cities
New medical study published,Researchers found promising results for a new cancer treatment
Space agency mission update,A new satellite was successfully launched into orbit this morning
Government conspiracy claim,The government controls the weather using secret machines